Username,Track,Artist,Album,Date,Listening Time
rhythmaddict,Billie Jean,Olivia Rodrigo,Dreamland,2/7/2024,5:22
melodymaker,Uptown Funk,Billie Eilish,Gold,3/26/2024,7:24
beatbuster,Circles,Kendrick Lamar,After Hours,8/28/2024,5:46
beatslover21,Lovely,a-ha,Unorthodox Jukebox,4/11/2024,9:38
rhythmlove88,good 4 u,M83,Evolve,5/14/2024,15:39
melodymaker,Midnight City,Billie Eilish,Fine Line,10/1/2024,15:21
rhythmlove88,Bohemian Rhapsody,a-ha,? (Divide),9/19/2024,12:54
rhythmlove88,Rolling in the Deep,Queen,WHEN WE ALL FALL ASLEEP,2/12/2024,13:24
beatslover21,Lovely,Michael Jackson,I Like It When You Sleep,7/3/2024,8:38
melodymaker,HUMBLE.,The Weeknd,SOUR,9/3/2024,16:00
rhythmaddict,Blinding Lights,M83,Unorthodox Jukebox,4/26/2024,8:40
beatslover21,Old Town Road,Travis Scott,Abbey Road,9/28/2024,12:30
beatbuster,Somebody Else,Glass Animals,After Hours,1/27/2024,8:10
beatbuster,Circles,Queen,Abbey Road,8/4/2024,13:18
musicfan92,MONTERO,Queen,7 EP,3/17/2024,9:18
melodymaker,Bad Guy,ABBA,Astroworld,6/27/2024,15:42
musicfan92,Uptown Funk,Michael Jackson,Goodbye & Good Riddance,5/20/2024,10:36
melodymaker,Blinding Lights,a-ha,? (Divide),2/23/2024,8:20
soundexplorer,good 4 u,Adele,21,7/11/2024,9:54
groovemaster,Midnight City,Travis Scott,After Hours,7/21/2024,7:32
rhythmlove88,Lovely,Glass Animals,A Night at the Opera,5/1/2024,16:06
rhythmaddict,Levitating,Maroon 5,Hollywood's Bleeding,2/23/2024,9:20
soundexplorer,Old Town Road,The Weeknd,Goodbye & Good Riddance,5/16/2024,9:33
vibesonly22,Uptown Funk,Lil Nas X,Hunting High and Low,10/18/2024,6:18
vibesonly22,Sunflower,Michael Jackson,WHEN WE ALL FALL ASLEEP,11/2/2024,9:18
beatslover21,Hey Jude,Kendrick Lamar,Dreamland,2/13/2024,14:24
vibesonly22,Stay,Dua Lipa,Abbey Road,9/3/2024,10:58
soundexplorer,Levitating,Dua Lipa,Hollywood's Bleeding,1/21/2024,5:58
beatbuster,Sunflower,Juice WRLD,"Hurry Up, We're Dreaming",8/12/2024,5:42
rhythmaddict,Circles,Kendrick Lamar,A Night at the Opera,6/18/2024,11:15
tunes_lover1,Hey Jude,Juice WRLD,After Hours,2/25/2024,5:54
melodymaker,Somebody Else,The 1975,A Night at the Opera,6/24/2024,6:40
vibesonly22,Bad Guy,Lil Nas X,A Night at the Opera,7/26/2024,6:21
groovemaster,Stay,Kendrick Lamar,Unorthodox Jukebox,7/4/2024,11:52
soundexplorer,Bohemian Rhapsody,The Beatles,Future Nostalgia,5/4/2024,11:52
beatbuster,MONTERO,Kendrick Lamar,7 EP,10/18/2024,17:30
tunes_lover1,Shape of You,a-ha,Goodbye & Good Riddance,4/27/2024,4:50
soundexplorer,Closer,Maroon 5,Hollywood's Bleeding,3/18/2024,13:27
melodymaker,Peaches,Queen,DAMN.,6/18/2024,11:50
melodymaker,Peaches,Juice WRLD,WHEN WE ALL FALL ASLEEP,3/3/2024,13:06
rhythmlove88,Lovely,Juice WRLD,Dreamland,2/18/2024,9:12
melodymaker,Somebody Else,Ed Sheeran,"Hurry Up, We're Dreaming",1/26/2024,5:14
beatslover21,Take on Me,The Beatles,Gold,1/30/2024,10:30
musicfan92,Somebody Else,Glass Animals,SOUR,4/3/2024,10:40
tunes_lover1,Hey Jude,Billie Eilish,Goodbye & Good Riddance,2/20/2024,16:03
musicfan92,Industry Baby,Harry Styles,Hollywood's Bleeding,8/17/2024,7:09
vibesonly22,Hey Jude,Dua Lipa,Evolve,7/13/2024,13:51
beatslover21,Peaches,Imagine Dragons,SOUR,2/29/2024,11:18
groovemaster,Watermelon Sugar,Kendrick Lamar,Future Nostalgia,6/11/2024,13:39
soundexplorer,good 4 u,Queen,7 EP,3/31/2024,14:18
musicfan92,Lovely,Bruno Mars,21,3/20/2024,9:02
beatbuster,good 4 u,ABBA,Fine Line,10/2/2024,10:18
rhythmlove88,Lovely,Harry Styles,Fine Line,8/8/2024,12:03
melodymaker,Hey Jude,Olivia Rodrigo,Abbey Road,10/9/2024,8:03
vibesonly22,Stay,Olivia Rodrigo,"Hurry Up, We're Dreaming",9/25/2024,10:21
beatbuster,Somebody Else,M83,A Night at the Opera,7/19/2024,8:32
groovemaster,Rolling in the Deep,Glass Animals,Hunting High and Low,3/20/2024,15:09
beatbuster,Uptown Funk,Travis Scott,7 EP,1/2/2024,8:08
beatslover21,Watermelon Sugar,Maroon 5,DAMN.,2/16/2024,11:00
vibesonly22,MONTERO,Juice WRLD,Evolve,1/18/2024,7:32
tunes_lover1,Somebody Else,Imagine Dragons,Abbey Road,3/4/2024,6:16
beatbuster,Rolling in the Deep,Lil Nas X,Hunting High and Low,6/15/2024,11:56
rhythmaddict,HUMBLE.,Billie Eilish,Goodbye & Good Riddance,7/6/2024,6:38
melodymaker,Shape of You,The 1975,Abbey Road,2/25/2024,10:54
tunes_lover1,MONTERO,Dua Lipa,Hunting High and Low,3/14/2024,12:12
musicfan92,Industry Baby,Queen,After Hours,4/28/2024,11:30
melodymaker,Rolling in the Deep,Glass Animals,Dreamland,10/1/2024,9:18
soundexplorer,Hey Jude,Olivia Rodrigo,Unorthodox Jukebox,6/15/2024,10:58
musicfan92,Lovely,M83,Future Nostalgia,6/27/2024,10:21
rhythmlove88,Lucid Dreams,Olivia Rodrigo,? (Divide),8/19/2024,16:33
soundexplorer,good 4 u,Glass Animals,21,1/4/2024,17:36
beatslover21,Imagine,Travis Scott,Evolve,4/8/2024,14:21
melodymaker,Lovely,M83,Gold,8/2/2024,8:46
rhythmlove88,HUMBLE.,Post Malone,Goodbye & Good Riddance,6/29/2024,16:45
musicfan92,Closer,M83,Hunting High and Low,7/6/2024,9:15
vibesonly22,Hey Jude,Adele,WHEN WE ALL FALL ASLEEP,4/19/2024,6:28
beatslover21,drivers license,The Weeknd,"Hurry Up, We're Dreaming",7/14/2024,4:50
vibesonly22,Billie Jean,Adele,Red Pill Blues,2/6/2024,7:26
rhythmlove88,Lovely,Michael Jackson,21,2/14/2024,17:03
rhythmlove88,Heat Waves,Dua Lipa,Astroworld,4/8/2024,11:20
melodymaker,Rolling in the Deep,Lil Nas X,21,3/26/2024,6:24
soundexplorer,SICKO MODE,Harry Styles,Thriller,10/29/2024,4:48
beatbuster,Circles,ABBA,21,6/5/2024,9:54
beatslover21,Closer,Maroon 5,Evolve,10/13/2024,5:10
groovemaster,Peaches,The Beatles,Dreamland,2/3/2024,9:09
rhythmlove88,Old Town Road,Olivia Rodrigo,DAMN.,3/13/2024,9:20
beatbuster,Closer,Bruno Mars,Fine Line,1/25/2024,11:28
rhythmaddict,Hey Jude,The Weeknd,Hollywood's Bleeding,1/14/2024,17:09
beatslover21,Imagine,Harry Styles,Unorthodox Jukebox,2/4/2024,12:24
rhythmaddict,Industry Baby,Post Malone,A Night at the Opera,7/10/2024,11:12
beatslover21,Levitating,Imagine Dragons,After Hours,8/31/2024,7:33
rhythmaddict,Watermelon Sugar,The Weeknd,After Hours,7/12/2024,16:33
beatbuster,Closer,a-ha,Future Nostalgia,6/3/2024,12:48
groovemaster,Lovely,The 1975,Unorthodox Jukebox,9/7/2024,6:48
musicfan92,Somebody Else,Dua Lipa,After Hours,2/13/2024,9:16
vibesonly22,Hey Jude,Adele,Dreamland,3/25/2024,9:56
beatbuster,Imagine,Juice WRLD,After Hours,8/29/2024,7:02
rhythmaddict,Shape of You,Kendrick Lamar,Abbey Road,1/26/2024,7:10
tunes_lover1,Sunflower,Imagine Dragons,? (Divide),7/7/2024,16:36
beatbuster,Take on Me,Lil Nas X,Dreamland,10/8/2024,13:45
tunes_lover1,Circles,Bruno Mars,Goodbye & Good Riddance,8/4/2024,14:12
beatbuster,Peaches,Post Malone,WHEN WE ALL FALL ASLEEP,4/15/2024,4:48
melodymaker,Industry Baby,Ed Sheeran,"Hurry Up, We're Dreaming",11/1/2024,10:28
melodymaker,Rolling in the Deep,Juice WRLD,Thriller,3/5/2024,10:00
soundexplorer,Billie Jean,Kendrick Lamar,"Hurry Up, We're Dreaming",1/6/2024,10:57
soundexplorer,Bad Guy,Harry Styles,Fine Line,6/9/2024,5:08
rhythmaddict,Shape of You,Glass Animals,Goodbye & Good Riddance,9/20/2024,11:02
melodymaker,Industry Baby,Imagine Dragons,DAMN.,3/13/2024,13:54
groovemaster,Dancing Queen,M83,7 EP,4/25/2024,13:21
rhythmaddict,good 4 u,Harry Styles,"Hurry Up, We're Dreaming",2/14/2024,6:15
beatslover21,Industry Baby,M83,Gold,5/1/2024,9:58
beatbuster,Midnight City,Dua Lipa,"Hurry Up, We're Dreaming",9/6/2024,6:18
vibesonly22,Hey Jude,Adele,Red Pill Blues,5/14/2024,10:36
groovemaster,Somebody Else,The 1975,Unorthodox Jukebox,8/23/2024,6:32
melodymaker,Bohemian Rhapsody,Michael Jackson,A Night at the Opera,3/17/2024,14:15
soundexplorer,drivers license,Ed Sheeran,DAMN.,5/17/2024,16:27
beatbuster,Midnight City,Queen,Astroworld,7/6/2024,17:54
beatbuster,Circles,Juice WRLD,Fine Line,6/8/2024,6:27
tunes_lover1,Levitating,Imagine Dragons,"Hurry Up, We're Dreaming",3/25/2024,8:24
rhythmlove88,Somebody Else,The 1975,Red Pill Blues,7/11/2024,5:30
vibesonly22,Midnight City,Dua Lipa,SOUR,3/13/2024,11:26
musicfan92,Lucid Dreams,Adele,I Like It When You Sleep,10/3/2024,12:51
beatslover21,Lovely,Harry Styles,Dreamland,8/14/2024,11:18
rhythmaddict,Lovely,Ed Sheeran,Red Pill Blues,10/27/2024,6:32
tunes_lover1,SICKO MODE,Kendrick Lamar,I Like It When You Sleep,7/8/2024,9:52
beatbuster,Lucid Dreams,Michael Jackson,? (Divide),8/4/2024,12:09
beatslover21,drivers license,The Beatles,DAMN.,10/16/2024,7:16
beatbuster,Closer,The Weeknd,Dreamland,7/22/2024,7:40
vibesonly22,Imagine,Michael Jackson,Hunting High and Low,9/22/2024,8:34
rhythmaddict,Sunflower,Maroon 5,I Like It When You Sleep,1/28/2024,13:57
musicfan92,Stay,Juice WRLD,Abbey Road,9/19/2024,8:18
musicfan92,SICKO MODE,Lil Nas X,Gold,5/7/2024,5:24
vibesonly22,Shape of You,ABBA,SOUR,4/27/2024,6:48
groovemaster,Lovely,Imagine Dragons,WHEN WE ALL FALL ASLEEP,5/16/2024,10:02
tunes_lover1,drivers license,The Weeknd,DAMN.,2/11/2024,10:42
vibesonly22,MONTERO,Juice WRLD,Hollywood's Bleeding,5/5/2024,8:20
beatslover21,Imagine,The 1975,Red Pill Blues,1/27/2024,15:18
beatslover21,Levitating,The 1975,After Hours,9/14/2024,7:16
beatslover21,Somebody Else,Olivia Rodrigo,Thriller,5/15/2024,7:42
tunes_lover1,Peaches,Glass Animals,Unorthodox Jukebox,4/22/2024,11:08
musicfan92,Take on Me,Dua Lipa,I Like It When You Sleep,6/13/2024,7:12
beatslover21,SICKO MODE,a-ha,Thriller,8/14/2024,11:32
musicfan92,Lovely,Michael Jackson,Future Nostalgia,6/16/2024,9:12
melodymaker,Somebody Else,Imagine Dragons,I Like It When You Sleep,9/24/2024,9:30
tunes_lover1,Lovely,Lil Nas X,7 EP,8/24/2024,6:28
tunes_lover1,Old Town Road,Kendrick Lamar,A Night at the Opera,3/17/2024,8:20
rhythmlove88,Peaches,Maroon 5,Gold,2/28/2024,6:14
groovemaster,Circles,Imagine Dragons,WHEN WE ALL FALL ASLEEP,3/27/2024,15:39
rhythmaddict,Bohemian Rhapsody,Juice WRLD,Hollywood's Bleeding,7/30/2024,7:46
rhythmlove88,Midnight City,Adele,Astroworld,5/26/2024,13:21
musicfan92,Blinding Lights,Harry Styles,Dreamland,7/11/2024,7:18
musicfan92,Old Town Road,a-ha,Evolve,5/1/2024,8:08
vibesonly22,Bad Guy,Travis Scott,Goodbye & Good Riddance,6/28/2024,8:06
beatbuster,Somebody Else,Maroon 5,Astroworld,3/7/2024,14:33
rhythmlove88,Shape of You,Juice WRLD,WHEN WE ALL FALL ASLEEP,5/7/2024,10:57
vibesonly22,Billie Jean,The 1975,Unorthodox Jukebox,7/19/2024,15:15
soundexplorer,Rolling in the Deep,Queen,Goodbye & Good Riddance,10/18/2024,6:32
rhythmaddict,Midnight City,The 1975,Gold,7/7/2024,9:21
beatslover21,Somebody Else,ABBA,Hunting High and Low,3/20/2024,5:48
beatslover21,Stay,ABBA,Unorthodox Jukebox,4/27/2024,6:15
rhythmlove88,Billie Jean,Lil Nas X,WHEN WE ALL FALL ASLEEP,7/9/2024,6:00
tunes_lover1,Industry Baby,Travis Scott,Red Pill Blues,10/5/2024,10:02
melodymaker,Billie Jean,Adele,Evolve,2/11/2024,15:36
melodymaker,Blinding Lights,Michael Jackson,Hollywood's Bleeding,3/31/2024,4:16
rhythmlove88,Lovely,Lil Nas X,Gold,2/12/2024,16:15
soundexplorer,Take on Me,ABBA,Hunting High and Low,3/8/2024,8:27
groovemaster,Heat Waves,The 1975,WHEN WE ALL FALL ASLEEP,1/8/2024,4:10
soundexplorer,Hey Jude,Post Malone,Goodbye & Good Riddance,2/13/2024,8:54
beatbuster,Bohemian Rhapsody,Billie Eilish,I Like It When You Sleep,8/31/2024,7:54
rhythmlove88,Hey Jude,M83,Fine Line,6/22/2024,16:51
rhythmlove88,Midnight City,Harry Styles,Astroworld,1/4/2024,17:12
rhythmaddict,Take on Me,Dua Lipa,Astroworld,8/9/2024,10:16
tunes_lover1,Bohemian Rhapsody,Billie Eilish,21,4/14/2024,6:30
groovemaster,Shape of You,The 1975,Hunting High and Low,7/24/2024,7:04
groovemaster,Lucid Dreams,Imagine Dragons,Unorthodox Jukebox,5/6/2024,4:56
rhythmaddict,Imagine,The 1975,Red Pill Blues,2/17/2024,8:28
rhythmlove88,good 4 u,Billie Eilish,Astroworld,8/30/2024,8:10
melodymaker,Billie Jean,Post Malone,Fine Line,7/3/2024,15:45
beatbuster,Industry Baby,Juice WRLD,WHEN WE ALL FALL ASLEEP,10/9/2024,11:48
rhythmlove88,Hey Jude,Lil Nas X,? (Divide),3/17/2024,11:18
beatslover21,Circles,Adele,Fine Line,3/11/2024,9:57
melodymaker,Take on Me,Adele,Evolve,5/12/2024,5:52
beatbuster,Watermelon Sugar,Harry Styles,Hunting High and Low,2/4/2024,11:32
beatbuster,drivers license,The Weeknd,DAMN.,3/29/2024,4:32
soundexplorer,Levitating,Lil Nas X,Abbey Road,6/15/2024,9:00
musicfan92,Bohemian Rhapsody,Queen,Abbey Road,6/21/2024,15:45
groovemaster,Sunflower,Glass Animals,Future Nostalgia,1/6/2024,5:20
melodymaker,Somebody Else,Post Malone,Hunting High and Low,1/15/2024,8:12
rhythmaddict,Circles,Glass Animals,Astroworld,6/4/2024,14:15
groovemaster,HUMBLE.,The 1975,Unorthodox Jukebox,8/18/2024,17:27
soundexplorer,Circles,M83,Evolve,8/12/2024,8:16
melodymaker,drivers license,Olivia Rodrigo,Thriller,10/8/2024,9:54
rhythmaddict,SICKO MODE,Ed Sheeran,Dreamland,9/18/2024,4:34
beatslover21,Shape of You,Olivia Rodrigo,21,9/21/2024,6:28
rhythmlove88,SICKO MODE,Glass Animals,After Hours,8/20/2024,11:46
tunes_lover1,Industry Baby,Adele,? (Divide),10/21/2024,16:12
rhythmaddict,good 4 u,Olivia Rodrigo,Unorthodox Jukebox,4/29/2024,16:09
beatslover21,Bohemian Rhapsody,Juice WRLD,Red Pill Blues,8/4/2024,8:46
rhythmaddict,Stay,M83,21,4/19/2024,8:58
beatslover21,Closer,Michael Jackson,7 EP,3/3/2024,11:42
vibesonly22,Peaches,Post Malone,Astroworld,1/15/2024,8:06
rhythmlove88,Stay,Glass Animals,7 EP,2/12/2024,13:21
musicfan92,SICKO MODE,Travis Scott,Hollywood's Bleeding,4/12/2024,6:10
beatslover21,SICKO MODE,a-ha,A Night at the Opera,5/26/2024,15:03
beatbuster,drivers license,Queen,SOUR,3/22/2024,4:58
groovemaster,good 4 u,Ed Sheeran,Thriller,10/15/2024,11:34
tunes_lover1,Billie Jean,Ed Sheeran,Fine Line,3/7/2024,6:42
beatbuster,Take on Me,Kendrick Lamar,Goodbye & Good Riddance,1/21/2024,5:54
vibesonly22,Levitating,Billie Eilish,Hunting High and Low,7/22/2024,11:32
beatbuster,Circles,Maroon 5,Hollywood's Bleeding,1/7/2024,8:08
beatbuster,drivers license,Juice WRLD,Astroworld,6/5/2024,7:21
rhythmaddict,Heat Waves,Billie Eilish,Dreamland,6/22/2024,16:09
rhythmlove88,Shape of You,Billie Eilish,Gold,5/2/2024,8:32
groovemaster,Take on Me,Ed Sheeran,21,5/18/2024,15:15
melodymaker,Bad Guy,Bruno Mars,Abbey Road,10/22/2024,10:42
rhythmaddict,Rolling in the Deep,The Weeknd,Red Pill Blues,11/4/2024,12:15
vibesonly22,Peaches,Adele,7 EP,3/1/2024,11:38
melodymaker,Industry Baby,Billie Eilish,I Like It When You Sleep,3/10/2024,10:00
beatslover21,Bohemian Rhapsody,Maroon 5,Astroworld,5/25/2024,9:42
melodymaker,Circles,Travis Scott,Evolve,4/25/2024,12:51
tunes_lover1,Bohemian Rhapsody,Post Malone,"Hurry Up, We're Dreaming",1/2/2024,13:18
tunes_lover1,Blinding Lights,Bruno Mars,"Hurry Up, We're Dreaming",6/1/2024,8:18
melodymaker,Dancing Queen,Queen,21,1/23/2024,11:36
vibesonly22,Lucid Dreams,Imagine Dragons,Red Pill Blues,9/30/2024,13:12
beatslover21,SICKO MODE,M83,21,1/19/2024,9:21
groovemaster,Dancing Queen,Billie Eilish,Astroworld,1/20/2024,10:16
tunes_lover1,Levitating,Harry Styles,Hollywood's Bleeding,8/15/2024,7:03
rhythmlove88,MONTERO,a-ha,SOUR,3/14/2024,5:48
beatbuster,Hey Jude,Adele,Future Nostalgia,2/11/2024,9:20
groovemaster,Heat Waves,The Beatles,WHEN WE ALL FALL ASLEEP,2/13/2024,10:22
vibesonly22,Bohemian Rhapsody,Bruno Mars,A Night at the Opera,4/17/2024,6:57
vibesonly22,Take on Me,Billie Eilish,Unorthodox Jukebox,9/18/2024,6:40
melodymaker,Dancing Queen,The 1975,Future Nostalgia,8/18/2024,11:39
musicfan92,Billie Jean,Imagine Dragons,Evolve,10/13/2024,8:28
groovemaster,Blinding Lights,Bruno Mars,Astroworld,10/13/2024,6:18
soundexplorer,Bad Guy,Harry Styles,Fine Line,9/7/2024,5:08
tunes_lover1,Blinding Lights,ABBA,Goodbye & Good Riddance,2/18/2024,12:57
beatbuster,Industry Baby,Michael Jackson,Thriller,10/14/2024,14:57
rhythmaddict,SICKO MODE,Maroon 5,SOUR,7/14/2024,4:08
rhythmlove88,Somebody Else,a-ha,I Like It When You Sleep,5/14/2024,6:40
rhythmlove88,Lucid Dreams,Adele,Evolve,9/13/2024,6:04
melodymaker,Bad Guy,Glass Animals,DAMN.,2/16/2024,15:03
beatslover21,Blinding Lights,Lil Nas X,Red Pill Blues,10/4/2024,7:16
groovemaster,Rolling in the Deep,Queen,DAMN.,11/2/2024,6:02
vibesonly22,Hey Jude,Bruno Mars,Future Nostalgia,9/27/2024,10:39
beatbuster,Take on Me,M83,Goodbye & Good Riddance,3/21/2024,6:42
rhythmaddict,Peaches,Glass Animals,Red Pill Blues,3/1/2024,6:46
rhythmaddict,Peaches,M83,Hollywood's Bleeding,8/9/2024,8:08
beatbuster,Take on Me,Ed Sheeran,Unorthodox Jukebox,6/3/2024,7:06
beatbuster,Imagine,Dua Lipa,Hollywood's Bleeding,2/20/2024,11:52
tunes_lover1,SICKO MODE,Travis Scott,Unorthodox Jukebox,4/18/2024,8:24
rhythmlove88,Shape of You,Harry Styles,Goodbye & Good Riddance,5/5/2024,17:30
beatbuster,HUMBLE.,Lil Nas X,? (Divide),8/29/2024,10:42
rhythmaddict,HUMBLE.,The Beatles,Abbey Road,4/25/2024,7:38
vibesonly22,good 4 u,The Weeknd,21,8/8/2024,8:00
beatslover21,Somebody Else,Lil Nas X,After Hours,9/13/2024,10:12
melodymaker,Uptown Funk,Olivia Rodrigo,7 EP,2/11/2024,10:12
tunes_lover1,Billie Jean,Post Malone,Future Nostalgia,5/16/2024,5:48
groovemaster,Closer,ABBA,Astroworld,1/5/2024,8:34
soundexplorer,MONTERO,The Beatles,21,6/18/2024,8:06
vibesonly22,Lucid Dreams,Dua Lipa,Thriller,7/27/2024,11:54
rhythmlove88,Heat Waves,The Beatles,I Like It When You Sleep,2/22/2024,11:24
melodymaker,Billie Jean,Bruno Mars,Goodbye & Good Riddance,6/20/2024,15:24
rhythmlove88,Levitating,Billie Eilish,Evolve,5/1/2024,17:00
groovemaster,Stay,Kendrick Lamar,Unorthodox Jukebox,9/18/2024,10:10
soundexplorer,Bad Guy,Ed Sheeran,Goodbye & Good Riddance,4/27/2024,5:54
groovemaster,Heat Waves,The Beatles,Hollywood's Bleeding,10/18/2024,12:57
tunes_lover1,Bad Guy,The 1975,DAMN.,10/27/2024,7:08
tunes_lover1,drivers license,Billie Eilish,Future Nostalgia,1/6/2024,10:03
soundexplorer,Midnight City,Billie Eilish,I Like It When You Sleep,1/18/2024,7:57
rhythmaddict,Peaches,Kendrick Lamar,After Hours,1/31/2024,14:09
tunes_lover1,Sunflower,Queen,Hunting High and Low,8/18/2024,9:16
rhythmaddict,Closer,Lil Nas X,Evolve,1/28/2024,16:00
melodymaker,Shape of You,Michael Jackson,A Night at the Opera,7/7/2024,9:12
musicfan92,Shape of You,Lil Nas X,I Like It When You Sleep,8/22/2024,13:00
beatbuster,MONTERO,M83,Unorthodox Jukebox,4/5/2024,10:27
groovemaster,Bohemian Rhapsody,Bruno Mars,After Hours,10/13/2024,14:39
beatslover21,Old Town Road,The Weeknd,Abbey Road,4/6/2024,10:39
rhythmlove88,Blinding Lights,Glass Animals,WHEN WE ALL FALL ASLEEP,2/21/2024,9:40
vibesonly22,Heat Waves,Ed Sheeran,"Hurry Up, We're Dreaming",6/4/2024,14:00
rhythmaddict,Rolling in the Deep,Travis Scott,A Night at the Opera,9/9/2024,8:34
soundexplorer,Dancing Queen,Billie Eilish,7 EP,10/1/2024,7:42
tunes_lover1,drivers license,Juice WRLD,Hunting High and Low,10/30/2024,8:18
beatslover21,Billie Jean,Kendrick Lamar,Goodbye & Good Riddance,2/15/2024,5:14
musicfan92,Sunflower,Bruno Mars,Astroworld,9/4/2024,7:52
soundexplorer,Bad Guy,Adele,? (Divide),3/10/2024,11:34
rhythmaddict,Lucid Dreams,Adele,7 EP,1/1/2024,8:00
rhythmaddict,Take on Me,The 1975,Future Nostalgia,9/6/2024,10:34
vibesonly22,Imagine,Dua Lipa,Goodbye & Good Riddance,8/30/2024,4:08
tunes_lover1,Sunflower,ABBA,Thriller,2/17/2024,14:54
soundexplorer,Levitating,Dua Lipa,Abbey Road,8/29/2024,10:26
soundexplorer,SICKO MODE,Harry Styles,Evolve,4/27/2024,12:54
soundexplorer,Billie Jean,Ed Sheeran,7 EP,4/5/2024,17:03
melodymaker,Blinding Lights,Maroon 5,Dreamland,2/14/2024,11:04
vibesonly22,Watermelon Sugar,Lil Nas X,DAMN.,6/29/2024,7:06
beatslover21,MONTERO,Queen,WHEN WE ALL FALL ASLEEP,1/14/2024,15:27
soundexplorer,Take on Me,The Weeknd,SOUR,2/28/2024,5:30
groovemaster,good 4 u,Billie Eilish,Thriller,5/23/2024,8:00
musicfan92,Old Town Road,Ed Sheeran,DAMN.,1/11/2024,7:51
melodymaker,Stay,Dua Lipa,Hunting High and Low,2/2/2024,11:18
soundexplorer,Bad Guy,ABBA,DAMN.,2/15/2024,15:57
rhythmlove88,HUMBLE.,The Beatles,I Like It When You Sleep,8/30/2024,15:57
rhythmlove88,Bad Guy,The Weeknd,? (Divide),1/28/2024,9:39
rhythmlove88,MONTERO,Harry Styles,? (Divide),1/14/2024,11:14
groovemaster,Rolling in the Deep,The 1975,Red Pill Blues,6/16/2024,11:09
vibesonly22,Sunflower,Harry Styles,Future Nostalgia,10/8/2024,11:18
rhythmlove88,Imagine,The Beatles,I Like It When You Sleep,1/3/2024,8:57
musicfan92,Sunflower,Bruno Mars,Hollywood's Bleeding,6/27/2024,9:36
rhythmaddict,Stay,Imagine Dragons,Hunting High and Low,6/11/2024,5:42
beatslover21,Bohemian Rhapsody,a-ha,After Hours,7/19/2024,16:00
tunes_lover1,drivers license,Harry Styles,Goodbye & Good Riddance,8/15/2024,11:20
tunes_lover1,Somebody Else,Adele,? (Divide),9/1/2024,7:00
soundexplorer,Lucid Dreams,Harry Styles,A Night at the Opera,4/18/2024,10:50
soundexplorer,Somebody Else,a-ha,Thriller,3/7/2024,10:36
vibesonly22,Shape of You,The Beatles,Gold,4/14/2024,12:18
soundexplorer,Levitating,Juice WRLD,Dreamland,3/23/2024,9:40
rhythmlove88,Bohemian Rhapsody,Travis Scott,DAMN.,2/4/2024,9:27
beatbuster,Lucid Dreams,Ed Sheeran,Abbey Road,4/23/2024,7:06
vibesonly22,Blinding Lights,Harry Styles,After Hours,6/12/2024,9:04
vibesonly22,Watermelon Sugar,Lil Nas X,21,3/29/2024,9:24
beatbuster,MONTERO,The Weeknd,Dreamland,8/13/2024,5:34
beatslover21,Rolling in the Deep,a-ha,Goodbye & Good Riddance,5/31/2024,9:24
tunes_lover1,Imagine,Harry Styles,Abbey Road,6/6/2024,13:39
rhythmlove88,Circles,ABBA,WHEN WE ALL FALL ASLEEP,6/29/2024,16:54
beatbuster,Bohemian Rhapsody,Ed Sheeran,Red Pill Blues,11/1/2024,4:04
rhythmlove88,Heat Waves,The Weeknd,DAMN.,5/17/2024,6:44
rhythmaddict,Stay,M83,SOUR,2/21/2024,9:09
melodymaker,Midnight City,Michael Jackson,Fine Line,8/6/2024,7:04
beatslover21,Sunflower,The 1975,After Hours,3/18/2024,8:58
rhythmaddict,Heat Waves,Glass Animals,Evolve,2/24/2024,4:04
tunes_lover1,Take on Me,Ed Sheeran,Evolve,6/20/2024,5:48
beatbuster,Stay,Lil Nas X,? (Divide),7/20/2024,12:33
vibesonly22,Somebody Else,Michael Jackson,Hollywood's Bleeding,8/25/2024,8:36
rhythmlove88,Sunflower,Travis Scott,Thriller,3/30/2024,12:51
groovemaster,Watermelon Sugar,Michael Jackson,Abbey Road,3/21/2024,11:27
soundexplorer,drivers license,Queen,Hunting High and Low,1/9/2024,17:06
tunes_lover1,HUMBLE.,Harry Styles,Unorthodox Jukebox,1/30/2024,11:15
rhythmaddict,Old Town Road,Bruno Mars,After Hours,9/7/2024,9:26
groovemaster,SICKO MODE,The Weeknd,? (Divide),5/29/2024,11:08
musicfan92,Hey Jude,Travis Scott,WHEN WE ALL FALL ASLEEP,10/31/2024,8:38
beatbuster,Uptown Funk,Imagine Dragons,Future Nostalgia,7/1/2024,6:30
musicfan92,Somebody Else,M83,Gold,9/3/2024,15:54
soundexplorer,Blinding Lights,ABBA,Thriller,2/22/2024,12:00
tunes_lover1,Lucid Dreams,ABBA,Thriller,4/25/2024,16:57
musicfan92,Stay,a-ha,7 EP,7/6/2024,15:27
beatslover21,drivers license,Travis Scott,Fine Line,7/23/2024,11:10
beatslover21,drivers license,Juice WRLD,I Like It When You Sleep,8/8/2024,17:51
soundexplorer,Old Town Road,Michael Jackson,Hunting High and Low,1/27/2024,11:51
beatslover21,good 4 u,Ed Sheeran,21,7/9/2024,11:14
vibesonly22,Circles,M83,Hunting High and Low,10/1/2024,6:04
groovemaster,Lucid Dreams,Billie Eilish,"Hurry Up, We're Dreaming",3/23/2024,10:54
groovemaster,Billie Jean,Michael Jackson,Hunting High and Low,1/19/2024,6:36
melodymaker,Billie Jean,Glass Animals,Dreamland,11/1/2024,10:26
vibesonly22,Dancing Queen,Harry Styles,Hunting High and Low,8/26/2024,9:38
beatslover21,Hey Jude,Billie Eilish,Goodbye & Good Riddance,10/11/2024,5:34
musicfan92,Circles,Post Malone,Hollywood's Bleeding,7/20/2024,9:12
rhythmlove88,Blinding Lights,Travis Scott,Abbey Road,6/14/2024,10:02
beatslover21,SICKO MODE,Michael Jackson,"Hurry Up, We're Dreaming",1/11/2024,11:04
vibesonly22,Closer,Ed Sheeran,"Hurry Up, We're Dreaming",4/18/2024,8:12
rhythmlove88,Imagine,M83,Unorthodox Jukebox,8/21/2024,7:36
melodymaker,Uptown Funk,Ed Sheeran,A Night at the Opera,2/17/2024,9:27
vibesonly22,Blinding Lights,Dua Lipa,After Hours,1/13/2024,4:34
vibesonly22,Somebody Else,The 1975,WHEN WE ALL FALL ASLEEP,1/19/2024,10:50
tunes_lover1,Billie Jean,Ed Sheeran,Abbey Road,2/14/2024,11:16
rhythmaddict,Hey Jude,Lil Nas X,DAMN.,7/19/2024,14:30
beatbuster,Closer,Maroon 5,21,6/16/2024,15:51
beatbuster,Old Town Road,Bruno Mars,Future Nostalgia,1/2/2024,14:45
beatslover21,Uptown Funk,ABBA,Future Nostalgia,5/3/2024,11:54
rhythmlove88,Billie Jean,a-ha,WHEN WE ALL FALL ASLEEP,4/26/2024,14:00
rhythmlove88,SICKO MODE,Dua Lipa,WHEN WE ALL FALL ASLEEP,7/23/2024,7:54
vibesonly22,Sunflower,Billie Eilish,Abbey Road,9/12/2024,5:44
vibesonly22,Shape of You,ABBA,Gold,6/10/2024,9:34
rhythmaddict,Lovely,Glass Animals,Evolve,7/19/2024,6:24
beatslover21,Dancing Queen,The Weeknd,Hunting High and Low,6/5/2024,16:03
tunes_lover1,Hey Jude,Adele,Thriller,10/18/2024,7:32
rhythmaddict,Circles,Dua Lipa,Red Pill Blues,9/23/2024,16:15
groovemaster,Sunflower,Bruno Mars,Hollywood's Bleeding,8/22/2024,14:27
beatbuster,Circles,Maroon 5,Unorthodox Jukebox,1/17/2024,17:27
rhythmaddict,drivers license,Billie Eilish,Astroworld,8/3/2024,8:48
soundexplorer,Bohemian Rhapsody,Dua Lipa,Hollywood's Bleeding,1/24/2024,6:44
vibesonly22,Take on Me,Travis Scott,7 EP,6/27/2024,6:33
soundexplorer,Circles,Michael Jackson,Hollywood's Bleeding,11/2/2024,8:50
rhythmaddict,MONTERO,Travis Scott,"Hurry Up, We're Dreaming",7/20/2024,5:06
tunes_lover1,Dancing Queen,Bruno Mars,? (Divide),8/19/2024,7:10
beatbuster,MONTERO,Post Malone,I Like It When You Sleep,1/8/2024,10:24
rhythmlove88,HUMBLE.,Queen,Evolve,1/27/2024,15:42
melodymaker,Lucid Dreams,Lil Nas X,Goodbye & Good Riddance,9/1/2024,7:08
musicfan92,Circles,Bruno Mars,Dreamland,1/30/2024,11:52
melodymaker,Somebody Else,Ed Sheeran,Astroworld,3/7/2024,14:30
vibesonly22,Sunflower,a-ha,? (Divide),11/1/2024,16:24
rhythmlove88,MONTERO,a-ha,Abbey Road,7/20/2024,10:51
tunes_lover1,Take on Me,Billie Eilish,"Hurry Up, We're Dreaming",8/30/2024,4:32
beatbuster,Watermelon Sugar,Travis Scott,Future Nostalgia,3/25/2024,10:24
rhythmaddict,Bohemian Rhapsody,a-ha,Goodbye & Good Riddance,8/28/2024,13:33
soundexplorer,Billie Jean,Michael Jackson,Hunting High and Low,9/8/2024,10:12
beatbuster,Imagine,Harry Styles,SOUR,6/23/2024,5:00
rhythmlove88,Heat Waves,Imagine Dragons,21,6/4/2024,5:58
melodymaker,Lovely,Harry Styles,I Like It When You Sleep,2/15/2024,15:24
rhythmlove88,Peaches,The Weeknd,"Hurry Up, We're Dreaming",5/23/2024,14:39
tunes_lover1,Billie Jean,Lil Nas X,Dreamland,9/26/2024,7:03
beatbuster,Blinding Lights,The Weeknd,7 EP,4/26/2024,10:00
beatslover21,Billie Jean,Ed Sheeran,21,3/3/2024,5:38
rhythmaddict,SICKO MODE,Olivia Rodrigo,Fine Line,4/24/2024,6:30
groovemaster,Uptown Funk,Juice WRLD,21,2/2/2024,8:00
groovemaster,Bad Guy,Post Malone,I Like It When You Sleep,6/25/2024,5:54
rhythmlove88,Circles,The Beatles,Abbey Road,3/1/2024,15:45
melodymaker,Bad Guy,The Beatles,Astroworld,7/20/2024,15:27
rhythmaddict,Closer,Lil Nas X,After Hours,8/9/2024,8:20
groovemaster,Sunflower,Glass Animals,7 EP,5/10/2024,12:27
beatbuster,HUMBLE.,Billie Eilish,Red Pill Blues,8/7/2024,16:36
beatbuster,Circles,Dua Lipa,Evolve,3/2/2024,15:12
rhythmlove88,Old Town Road,M83,Hollywood's Bleeding,10/20/2024,6:10
rhythmaddict,Watermelon Sugar,Imagine Dragons,"Hurry Up, We're Dreaming",5/15/2024,10:20
rhythmlove88,good 4 u,The Beatles,WHEN WE ALL FALL ASLEEP,8/30/2024,9:12
tunes_lover1,good 4 u,M83,Hunting High and Low,6/19/2024,4:02
rhythmlove88,Shape of You,Billie Eilish,"Hurry Up, We're Dreaming",5/8/2024,7:28
soundexplorer,Shape of You,Post Malone,Unorthodox Jukebox,3/3/2024,11:56
beatbuster,Midnight City,Harry Styles,"Hurry Up, We're Dreaming",7/24/2024,11:22
rhythmaddict,Closer,Billie Eilish,Unorthodox Jukebox,10/20/2024,5:40
musicfan92,drivers license,Olivia Rodrigo,Thriller,1/10/2024,7:20
melodymaker,Levitating,Adele,Goodbye & Good Riddance,8/11/2024,15:15
groovemaster,Bad Guy,Queen,Abbey Road,3/5/2024,12:57
beatslover21,Bad Guy,Bruno Mars,21,2/12/2024,10:54
vibesonly22,HUMBLE.,Olivia Rodrigo,Future Nostalgia,4/17/2024,6:56
beatbuster,Lovely,The Weeknd,A Night at the Opera,10/30/2024,16:12
rhythmaddict,Closer,Glass Animals,WHEN WE ALL FALL ASLEEP,1/26/2024,5:08
melodymaker,Circles,M83,Thriller,10/24/2024,17:15
soundexplorer,Imagine,Billie Eilish,SOUR,2/4/2024,10:09
rhythmaddict,Imagine,Maroon 5,? (Divide),3/13/2024,10:48
soundexplorer,drivers license,Kendrick Lamar,? (Divide),4/19/2024,14:30
melodymaker,Hey Jude,Harry Styles,Hunting High and Low,9/28/2024,13:33
musicfan92,Old Town Road,The Weeknd,Abbey Road,4/16/2024,8:46
beatslover21,Take on Me,a-ha,Fine Line,4/17/2024,10:06
rhythmlove88,Dancing Queen,M83,Future Nostalgia,7/23/2024,7:42
rhythmaddict,Levitating,Queen,Future Nostalgia,7/17/2024,14:36
melodymaker,Rolling in the Deep,Ed Sheeran,WHEN WE ALL FALL ASLEEP,3/27/2024,4:12
melodymaker,Circles,Billie Eilish,Unorthodox Jukebox,6/19/2024,11:54
tunes_lover1,Midnight City,Dua Lipa,Future Nostalgia,7/7/2024,11:54
beatslover21,Rolling in the Deep,The Weeknd,Red Pill Blues,10/29/2024,8:20
soundexplorer,good 4 u,Olivia Rodrigo,Fine Line,8/1/2024,7:30
beatslover21,Blinding Lights,M83,21,8/15/2024,9:30
beatbuster,Blinding Lights,Ed Sheeran,Unorthodox Jukebox,10/21/2024,8:44
melodymaker,Peaches,The Weeknd,Evolve,4/20/2024,16:36
tunes_lover1,Old Town Road,Ed Sheeran,DAMN.,10/12/2024,11:52
melodymaker,Industry Baby,Post Malone,Unorthodox Jukebox,6/7/2024,9:30
soundexplorer,Rolling in the Deep,The Weeknd,Future Nostalgia,3/8/2024,11:03
vibesonly22,Midnight City,Dua Lipa,Red Pill Blues,10/3/2024,5:32
groovemaster,Midnight City,Queen,WHEN WE ALL FALL ASLEEP,1/15/2024,5:14
vibesonly22,Stay,Lil Nas X,21,5/3/2024,7:08
vibesonly22,Shape of You,Imagine Dragons,? (Divide),9/21/2024,4:58
groovemaster,Bohemian Rhapsody,Juice WRLD,Fine Line,3/30/2024,9:22
melodymaker,Billie Jean,Michael Jackson,Hunting High and Low,9/26/2024,5:48
soundexplorer,Stay,The Beatles,A Night at the Opera,9/27/2024,16:45
melodymaker,Dancing Queen,Michael Jackson,SOUR,1/4/2024,11:18
beatbuster,Take on Me,Lil Nas X,Gold,1/29/2024,11:14
rhythmlove88,Sunflower,a-ha,Hollywood's Bleeding,7/2/2024,12:39
vibesonly22,Bohemian Rhapsody,a-ha,Astroworld,2/17/2024,9:30
tunes_lover1,Billie Jean,M83,Gold,2/24/2024,5:04
melodymaker,Somebody Else,Adele,Evolve,6/13/2024,16:45
beatslover21,MONTERO,Ed Sheeran,Gold,7/13/2024,16:00
beatslover21,Closer,Bruno Mars,Hunting High and Low,7/18/2024,5:38
tunes_lover1,Peaches,Maroon 5,Goodbye & Good Riddance,9/20/2024,7:28
tunes_lover1,Circles,a-ha,Gold,9/6/2024,9:06
beatslover21,Heat Waves,Michael Jackson,After Hours,5/6/2024,11:34
musicfan92,Peaches,Glass Animals,Goodbye & Good Riddance,3/28/2024,6:38
rhythmaddict,Levitating,ABBA,WHEN WE ALL FALL ASLEEP,4/5/2024,9:00
beatbuster,good 4 u,The 1975,SOUR,9/2/2024,4:00
groovemaster,Industry Baby,Maroon 5,Thriller,3/16/2024,10:56
melodymaker,Take on Me,Travis Scott,Thriller,3/8/2024,16:33
musicfan92,Stay,M83,Goodbye & Good Riddance,3/30/2024,8:20
musicfan92,Watermelon Sugar,Michael Jackson,SOUR,7/5/2024,14:51
beatslover21,Heat Waves,Queen,WHEN WE ALL FALL ASLEEP,3/25/2024,11:16
melodymaker,Dancing Queen,Travis Scott,Evolve,8/11/2024,16:27
soundexplorer,Midnight City,Imagine Dragons,7 EP,5/10/2024,14:48
beatbuster,Levitating,Queen,Hollywood's Bleeding,2/25/2024,15:54
beatbuster,Hey Jude,Bruno Mars,Dreamland,3/30/2024,15:45
musicfan92,Lucid Dreams,Billie Eilish,? (Divide),1/12/2024,16:36
melodymaker,Hey Jude,Maroon 5,Hunting High and Low,2/18/2024,10:00
musicfan92,Hey Jude,Billie Eilish,Hollywood's Bleeding,1/22/2024,10:54
tunes_lover1,Lovely,Harry Styles,DAMN.,10/14/2024,14:09
rhythmlove88,Circles,Maroon 5,Evolve,6/18/2024,8:56
melodymaker,Rolling in the Deep,ABBA,"Hurry Up, We're Dreaming",4/22/2024,14:18
tunes_lover1,Bohemian Rhapsody,Olivia Rodrigo,Goodbye & Good Riddance,8/31/2024,6:21
vibesonly22,HUMBLE.,Travis Scott,Hunting High and Low,1/24/2024,9:03
musicfan92,Uptown Funk,The Beatles,21,6/18/2024,11:54
tunes_lover1,Midnight City,Harry Styles,Goodbye & Good Riddance,10/2/2024,8:00
tunes_lover1,Lovely,The Beatles,Gold,10/19/2024,11:18
soundexplorer,Sunflower,Lil Nas X,Fine Line,10/7/2024,10:38
melodymaker,Uptown Funk,Adele,Abbey Road,9/4/2024,10:08
tunes_lover1,drivers license,Queen,I Like It When You Sleep,8/4/2024,8:45
rhythmlove88,Midnight City,Olivia Rodrigo,Evolve,2/6/2024,13:12
beatbuster,Circles,Billie Eilish,Hunting High and Low,5/25/2024,12:45
tunes_lover1,Take on Me,Ed Sheeran,Hunting High and Low,7/9/2024,15:51
melodymaker,Dancing Queen,Glass Animals,After Hours,9/20/2024,11:21
beatbuster,Dancing Queen,Harry Styles,? (Divide),6/25/2024,12:45
tunes_lover1,Circles,Olivia Rodrigo,Hunting High and Low,9/11/2024,8:40
soundexplorer,Dancing Queen,Lil Nas X,"Hurry Up, We're Dreaming",3/18/2024,10:15
beatslover21,Bad Guy,The 1975,7 EP,8/7/2024,14:15
vibesonly22,drivers license,Billie Eilish,After Hours,6/30/2024,9:14
vibesonly22,Heat Waves,Lil Nas X,Dreamland,3/31/2024,9:46
groovemaster,Imagine,Queen,I Like It When You Sleep,4/21/2024,5:14
vibesonly22,good 4 u,Imagine Dragons,I Like It When You Sleep,11/5/2024,7:58
beatbuster,good 4 u,Ed Sheeran,Gold,7/22/2024,9:40
rhythmlove88,Stay,Maroon 5,Thriller,8/25/2024,6:36
beatbuster,Hey Jude,a-ha,After Hours,6/26/2024,7:48
soundexplorer,SICKO MODE,Bruno Mars,Fine Line,4/15/2024,10:36
soundexplorer,Lucid Dreams,Adele,Abbey Road,3/23/2024,14:48
vibesonly22,Imagine,Post Malone,A Night at the Opera,3/20/2024,13:57
groovemaster,Uptown Funk,Queen,Goodbye & Good Riddance,2/3/2024,13:54
soundexplorer,Dancing Queen,The 1975,Hollywood's Bleeding,6/10/2024,14:39
vibesonly22,Industry Baby,a-ha,Fine Line,2/23/2024,12:39
soundexplorer,Stay,Travis Scott,Goodbye & Good Riddance,9/1/2024,7:00
rhythmaddict,Levitating,Ed Sheeran,7 EP,7/23/2024,10:42
vibesonly22,Circles,Imagine Dragons,? (Divide),10/4/2024,7:06
groovemaster,Old Town Road,Ed Sheeran,21,6/21/2024,15:57
groovemaster,Bad Guy,The Weeknd,I Like It When You Sleep,9/10/2024,14:36
beatslover21,Hey Jude,Maroon 5,WHEN WE ALL FALL ASLEEP,7/2/2024,8:48
groovemaster,Dancing Queen,Bruno Mars,Abbey Road,4/18/2024,10:00
groovemaster,Industry Baby,Olivia Rodrigo,After Hours,7/16/2024,15:42
vibesonly22,Old Town Road,Dua Lipa,Thriller,4/22/2024,15:00
beatbuster,Lovely,Olivia Rodrigo,Dreamland,3/5/2024,6:34
rhythmlove88,SICKO MODE,Imagine Dragons,Evolve,7/17/2024,11:38
melodymaker,Watermelon Sugar,M83,Dreamland,6/7/2024,17:45
rhythmaddict,Uptown Funk,Lil Nas X,Gold,3/22/2024,9:04
tunes_lover1,Lucid Dreams,Queen,Fine Line,2/19/2024,11:27
melodymaker,Blinding Lights,M83,A Night at the Opera,5/19/2024,6:30
melodymaker,Peaches,Harry Styles,Fine Line,3/12/2024,5:54
melodymaker,Sunflower,Ed Sheeran,WHEN WE ALL FALL ASLEEP,4/9/2024,10:57
melodymaker,Bohemian Rhapsody,Queen,Astroworld,6/19/2024,10:10
beatbuster,Levitating,The Beatles,Gold,7/16/2024,8:09
beatbuster,Peaches,a-ha,Unorthodox Jukebox,4/17/2024,15:12
tunes_lover1,Somebody Else,Adele,Unorthodox Jukebox,5/3/2024,4:02
rhythmlove88,Rolling in the Deep,Billie Eilish,Astroworld,9/22/2024,8:16
soundexplorer,Midnight City,Post Malone,After Hours,6/24/2024,13:03
vibesonly22,Midnight City,Post Malone,"Hurry Up, We're Dreaming",4/25/2024,4:08
vibesonly22,HUMBLE.,Billie Eilish,Thriller,1/17/2024,10:10
rhythmaddict,drivers license,Post Malone,Hollywood's Bleeding,6/15/2024,6:09
beatbuster,Shape of You,Lil Nas X,Future Nostalgia,10/30/2024,10:54
melodymaker,Industry Baby,The Beatles,7 EP,8/12/2024,9:00
melodymaker,Watermelon Sugar,Kendrick Lamar,Future Nostalgia,10/31/2024,7:14
tunes_lover1,Take on Me,Adele,DAMN.,9/12/2024,9:12
vibesonly22,Bad Guy,The Weeknd,Thriller,8/11/2024,13:21
tunes_lover1,Closer,Kendrick Lamar,Thriller,4/5/2024,5:06
rhythmlove88,Lovely,M83,WHEN WE ALL FALL ASLEEP,10/13/2024,6:54
rhythmlove88,Industry Baby,ABBA,Red Pill Blues,4/21/2024,17:18
rhythmaddict,HUMBLE.,a-ha,Unorthodox Jukebox,2/3/2024,8:39
soundexplorer,HUMBLE.,Glass Animals,"Hurry Up, We're Dreaming",7/31/2024,9:51
musicfan92,Dancing Queen,ABBA,Astroworld,2/18/2024,10:30
musicfan92,Stay,Olivia Rodrigo,Dreamland,6/10/2024,11:48
groovemaster,Old Town Road,The 1975,? (Divide),10/6/2024,9:51
rhythmlove88,Bad Guy,Travis Scott,Goodbye & Good Riddance,3/9/2024,6:45
beatbuster,Shape of You,M83,Abbey Road,8/2/2024,13:57
beatslover21,Lucid Dreams,The Weeknd,Future Nostalgia,2/2/2024,9:24
beatbuster,Billie Jean,Juice WRLD,21,4/5/2024,16:48
vibesonly22,Dancing Queen,Michael Jackson,"Hurry Up, We're Dreaming",6/17/2024,10:38
beatslover21,SICKO MODE,Kendrick Lamar,Thriller,8/12/2024,11:42
soundexplorer,Hey Jude,Travis Scott,Red Pill Blues,5/17/2024,17:30
rhythmaddict,Imagine,Olivia Rodrigo,Gold,2/23/2024,16:48
melodymaker,Blinding Lights,Imagine Dragons,SOUR,10/2/2024,16:18
melodymaker,Lovely,Billie Eilish,SOUR,5/3/2024,7:08
musicfan92,Shape of You,Dua Lipa,Evolve,6/17/2024,6:44
rhythmlove88,Lucid Dreams,Billie Eilish,? (Divide),3/8/2024,6:21
melodymaker,Lovely,Michael Jackson,Abbey Road,9/3/2024,7:21
beatslover21,Imagine,Michael Jackson,After Hours,2/11/2024,9:58
beatslover21,Old Town Road,Maroon 5,After Hours,8/12/2024,12:48
beatbuster,Uptown Funk,Travis Scott,A Night at the Opera,3/30/2024,9:40
tunes_lover1,Take on Me,Glass Animals,Red Pill Blues,11/4/2024,7:34
groovemaster,Peaches,ABBA,Gold,4/24/2024,8:12
rhythmaddict,good 4 u,Harry Styles,Evolve,3/21/2024,8:18
beatslover21,good 4 u,Post Malone,Goodbye & Good Riddance,10/7/2024,15:30
groovemaster,MONTERO,Juice WRLD,21,7/15/2024,7:10
soundexplorer,Rolling in the Deep,Michael Jackson,Red Pill Blues,8/23/2024,6:30
beatbuster,Peaches,Bruno Mars,SOUR,2/28/2024,8:06
rhythmlove88,Imagine,Bruno Mars,Evolve,8/3/2024,14:30
groovemaster,Bohemian Rhapsody,Juice WRLD,Hunting High and Low,3/13/2024,16:18
soundexplorer,MONTERO,Ed Sheeran,A Night at the Opera,5/27/2024,13:54
tunes_lover1,Uptown Funk,Travis Scott,WHEN WE ALL FALL ASLEEP,6/7/2024,12:21
rhythmlove88,Take on Me,Maroon 5,Hollywood's Bleeding,2/23/2024,14:15
beatbuster,Heat Waves,Maroon 5,Dreamland,5/1/2024,10:32
vibesonly22,Peaches,Harry Styles,Abbey Road,4/28/2024,9:20
beatbuster,Lucid Dreams,Juice WRLD,Hunting High and Low,5/21/2024,9:34
vibesonly22,Closer,Post Malone,Hunting High and Low,10/16/2024,5:58
beatbuster,Circles,Imagine Dragons,? (Divide),3/16/2024,8:10
rhythmlove88,Lucid Dreams,Kendrick Lamar,21,1/19/2024,9:48
beatbuster,Lucid Dreams,Kendrick Lamar,Red Pill Blues,7/4/2024,7:27
rhythmlove88,Lovely,Harry Styles,Hunting High and Low,3/24/2024,5:10
soundexplorer,Take on Me,ABBA,Astroworld,1/16/2024,16:48
soundexplorer,Stay,M83,A Night at the Opera,9/14/2024,11:54
rhythmaddict,Dancing Queen,Michael Jackson,? (Divide),2/5/2024,6:27
musicfan92,Levitating,Bruno Mars,Evolve,9/9/2024,11:38
rhythmlove88,Billie Jean,Lil Nas X,I Like It When You Sleep,3/21/2024,15:36
groovemaster,Old Town Road,Bruno Mars,After Hours,2/10/2024,11:30
rhythmaddict,SICKO MODE,Queen,21,6/27/2024,16:48
groovemaster,Dancing Queen,Kendrick Lamar,? (Divide),7/2/2024,17:03
groovemaster,Lovely,Lil Nas X,SOUR,3/16/2024,9:18
beatbuster,Watermelon Sugar,Dua Lipa,After Hours,8/22/2024,8:42
groovemaster,SICKO MODE,Queen,Hollywood's Bleeding,8/15/2024,15:45
beatslover21,Lovely,Dua Lipa,Hunting High and Low,9/2/2024,13:48
musicfan92,Bad Guy,Glass Animals,Unorthodox Jukebox,7/18/2024,6:10
melodymaker,Lucid Dreams,Dua Lipa,Gold,8/24/2024,8:42
rhythmlove88,Bohemian Rhapsody,ABBA,WHEN WE ALL FALL ASLEEP,4/18/2024,10:26
groovemaster,Levitating,Ed Sheeran,Astroworld,3/8/2024,9:15
vibesonly22,Heat Waves,Michael Jackson,Hollywood's Bleeding,8/26/2024,17:45
rhythmaddict,Billie Jean,Juice WRLD,WHEN WE ALL FALL ASLEEP,9/30/2024,11:04
melodymaker,Circles,Bruno Mars,Goodbye & Good Riddance,5/6/2024,16:06
tunes_lover1,good 4 u,Lil Nas X,Dreamland,8/25/2024,4:00
rhythmaddict,Lucid Dreams,Post Malone,"Hurry Up, We're Dreaming",9/29/2024,7:34
beatslover21,Lucid Dreams,Post Malone,SOUR,9/15/2024,10:33
rhythmaddict,HUMBLE.,Michael Jackson,Gold,8/9/2024,6:10
beatslover21,Lucid Dreams,Michael Jackson,Unorthodox Jukebox,10/2/2024,9:42
vibesonly22,Bad Guy,Travis Scott,Fine Line,9/17/2024,6:16
musicfan92,Midnight City,The Weeknd,WHEN WE ALL FALL ASLEEP,8/30/2024,14:36
beatslover21,Billie Jean,Travis Scott,WHEN WE ALL FALL ASLEEP,6/14/2024,11:57
groovemaster,Midnight City,Imagine Dragons,Abbey Road,4/6/2024,8:15
beatslover21,Watermelon Sugar,Queen,Dreamland,6/11/2024,11:56
vibesonly22,Hey Jude,The Beatles,Goodbye & Good Riddance,8/8/2024,5:30
beatbuster,Somebody Else,Travis Scott,21,3/11/2024,10:57
vibesonly22,Midnight City,Maroon 5,? (Divide),4/4/2024,11:30
soundexplorer,Stay,Maroon 5,Fine Line,9/19/2024,7:04
melodymaker,Midnight City,The 1975,Red Pill Blues,2/23/2024,9:00
tunes_lover1,Stay,Post Malone,Hunting High and Low,6/16/2024,10:20
soundexplorer,Billie Jean,a-ha,Fine Line,1/26/2024,11:18
groovemaster,Circles,Adele,Fine Line,5/24/2024,8:24
melodymaker,Somebody Else,Maroon 5,Dreamland,3/16/2024,11:06
groovemaster,Heat Waves,The 1975,7 EP,1/3/2024,9:46
melodymaker,Bohemian Rhapsody,ABBA,7 EP,10/20/2024,9:00
beatslover21,Closer,Imagine Dragons,Evolve,7/19/2024,6:51
beatslover21,Circles,Lil Nas X,Astroworld,3/25/2024,6:48
beatslover21,Bad Guy,The Beatles,"Hurry Up, We're Dreaming",3/9/2024,14:45
beatbuster,Shape of You,Juice WRLD,Evolve,6/25/2024,16:51
tunes_lover1,Industry Baby,Travis Scott,Thriller,1/5/2024,13:48
beatbuster,SICKO MODE,ABBA,Dreamland,9/30/2024,11:46
rhythmaddict,SICKO MODE,Maroon 5,Hunting High and Low,6/3/2024,17:45
groovemaster,Sunflower,Imagine Dragons,Astroworld,8/23/2024,10:22
tunes_lover1,Imagine,Michael Jackson,Dreamland,6/28/2024,12:21
rhythmlove88,Watermelon Sugar,Olivia Rodrigo,SOUR,3/28/2024,12:51
vibesonly22,Rolling in the Deep,The Weeknd,Fine Line,9/1/2024,9:50
rhythmaddict,Imagine,Ed Sheeran,7 EP,8/20/2024,12:03
musicfan92,Levitating,Harry Styles,Abbey Road,6/4/2024,10:33
soundexplorer,good 4 u,Imagine Dragons,Dreamland,5/4/2024,11:44
tunes_lover1,Imagine,Maroon 5,SOUR,6/27/2024,11:09
soundexplorer,Levitating,Michael Jackson,Evolve,7/28/2024,9:45
soundexplorer,Shape of You,Maroon 5,Hunting High and Low,4/1/2024,10:00
musicfan92,Billie Jean,ABBA,Unorthodox Jukebox,7/24/2024,15:06
musicfan92,SICKO MODE,Queen,Evolve,4/10/2024,11:51
beatbuster,Take on Me,Harry Styles,Dreamland,11/1/2024,16:42
melodymaker,Old Town Road,The Weeknd,Dreamland,10/31/2024,15:30
tunes_lover1,drivers license,Billie Eilish,Abbey Road,3/4/2024,4:56
beatbuster,Hey Jude,Kendrick Lamar,Fine Line,7/9/2024,9:54
rhythmlove88,Midnight City,Glass Animals,DAMN.,8/30/2024,13:06
rhythmaddict,Midnight City,Travis Scott,Red Pill Blues,9/8/2024,7:50
vibesonly22,Uptown Funk,Glass Animals,After Hours,4/17/2024,14:30
vibesonly22,Levitating,Bruno Mars,Unorthodox Jukebox,7/3/2024,16:12
melodymaker,Uptown Funk,The Weeknd,? (Divide),2/19/2024,7:52
groovemaster,Lovely,Travis Scott,Gold,3/12/2024,9:56
musicfan92,Hey Jude,Billie Eilish,7 EP,6/21/2024,6:46
beatbuster,Sunflower,The 1975,Unorthodox Jukebox,7/18/2024,17:00
groovemaster,Watermelon Sugar,Olivia Rodrigo,21,7/26/2024,4:36
rhythmlove88,drivers license,Glass Animals,Goodbye & Good Riddance,1/14/2024,12:42
beatbuster,Uptown Funk,Juice WRLD,I Like It When You Sleep,3/13/2024,11:12
rhythmlove88,Stay,Juice WRLD,Future Nostalgia,8/5/2024,7:54
soundexplorer,Somebody Else,Michael Jackson,A Night at the Opera,3/27/2024,10:46
beatbuster,Midnight City,The Weeknd,Hunting High and Low,8/27/2024,7:32
tunes_lover1,Midnight City,Imagine Dragons,Astroworld,4/6/2024,10:51
musicfan92,Lovely,a-ha,Future Nostalgia,10/31/2024,9:08
vibesonly22,SICKO MODE,Harry Styles,Goodbye & Good Riddance,10/24/2024,8:56
rhythmaddict,HUMBLE.,Billie Eilish,Future Nostalgia,1/24/2024,7:21
vibesonly22,Blinding Lights,Billie Eilish,Unorthodox Jukebox,6/29/2024,10:00
rhythmaddict,Bad Guy,Adele,7 EP,4/9/2024,11:30
tunes_lover1,Blinding Lights,Imagine Dragons,21,7/23/2024,6:36
soundexplorer,good 4 u,Glass Animals,Thriller,4/20/2024,14:36
rhythmlove88,drivers license,Post Malone,I Like It When You Sleep,9/10/2024,10:44
musicfan92,Sunflower,The Beatles,Red Pill Blues,4/30/2024,9:48
soundexplorer,Stay,Post Malone,SOUR,9/5/2024,8:12
vibesonly22,Peaches,Bruno Mars,Fine Line,2/29/2024,8:54
rhythmaddict,Uptown Funk,Glass Animals,Fine Line,9/25/2024,7:09
rhythmlove88,MONTERO,Adele,Thriller,9/24/2024,6:40
groovemaster,Lucid Dreams,Travis Scott,Future Nostalgia,3/14/2024,8:30
rhythmaddict,Uptown Funk,The 1975,WHEN WE ALL FALL ASLEEP,10/12/2024,14:42
tunes_lover1,Watermelon Sugar,The Weeknd,Evolve,10/8/2024,17:36
groovemaster,Bohemian Rhapsody,Lil Nas X,I Like It When You Sleep,9/23/2024,7:57
groovemaster,Hey Jude,Ed Sheeran,Astroworld,8/5/2024,7:54
beatslover21,HUMBLE.,The 1975,After Hours,8/24/2024,11:10
groovemaster,Midnight City,a-ha,"Hurry Up, We're Dreaming",2/25/2024,6:33
beatslover21,Somebody Else,Bruno Mars,Astroworld,8/3/2024,12:39
rhythmlove88,Billie Jean,M83,Red Pill Blues,2/19/2024,11:14
rhythmlove88,Industry Baby,Billie Eilish,A Night at the Opera,9/17/2024,10:36
soundexplorer,Uptown Funk,Post Malone,Dreamland,3/9/2024,10:18
beatslover21,Midnight City,The 1975,"Hurry Up, We're Dreaming",10/10/2024,11:36
soundexplorer,Shape of You,Harry Styles,Goodbye & Good Riddance,8/19/2024,15:42
melodymaker,Midnight City,Glass Animals,SOUR,1/21/2024,6:06
tunes_lover1,Old Town Road,The Weeknd,Hollywood's Bleeding,8/7/2024,17:36
soundexplorer,Blinding Lights,Travis Scott,After Hours,8/25/2024,7:28
vibesonly22,MONTERO,Harry Styles,Evolve,5/20/2024,10:16
rhythmaddict,Peaches,Dua Lipa,After Hours,7/12/2024,10:39
rhythmaddict,good 4 u,Adele,Gold,6/23/2024,16:00
beatslover21,drivers license,Bruno Mars,7 EP,10/21/2024,14:24
rhythmaddict,Billie Jean,Harry Styles,Hunting High and Low,9/24/2024,15:36
melodymaker,Lucid Dreams,Dua Lipa,WHEN WE ALL FALL ASLEEP,3/16/2024,4:44
melodymaker,Watermelon Sugar,ABBA,Fine Line,5/9/2024,9:08
groovemaster,Watermelon Sugar,Maroon 5,? (Divide),7/30/2024,10:58
rhythmlove88,good 4 u,Travis Scott,Hunting High and Low,9/15/2024,15:42
beatslover21,Uptown Funk,The 1975,Future Nostalgia,6/12/2024,10:02
groovemaster,Imagine,The Beatles,Evolve,1/20/2024,4:38
tunes_lover1,Midnight City,Bruno Mars,After Hours,4/1/2024,7:21
rhythmlove88,good 4 u,Olivia Rodrigo,Abbey Road,10/24/2024,17:27
vibesonly22,Sunflower,The Weeknd,A Night at the Opera,9/27/2024,6:32
groovemaster,drivers license,ABBA,Future Nostalgia,1/19/2024,6:28
soundexplorer,Bad Guy,Harry Styles,WHEN WE ALL FALL ASLEEP,1/31/2024,7:20
melodymaker,Blinding Lights,The 1975,Fine Line,6/22/2024,13:15
rhythmaddict,Billie Jean,Post Malone,I Like It When You Sleep,7/13/2024,15:27
soundexplorer,Midnight City,Adele,Thriller,6/3/2024,16:36
beatbuster,good 4 u,Queen,Abbey Road,8/27/2024,9:26
rhythmlove88,drivers license,Glass Animals,Hollywood's Bleeding,6/7/2024,11:48
rhythmlove88,drivers license,Bruno Mars,Astroworld,5/15/2024,6:00
rhythmaddict,Midnight City,a-ha,Evolve,1/14/2024,4:00
beatbuster,Peaches,Billie Eilish,After Hours,2/10/2024,11:48
tunes_lover1,Watermelon Sugar,Maroon 5,Evolve,11/2/2024,4:16
beatbuster,Blinding Lights,Queen,21,2/4/2024,6:12
vibesonly22,Watermelon Sugar,Queen,After Hours,6/27/2024,11:30
rhythmaddict,SICKO MODE,Michael Jackson,I Like It When You Sleep,8/3/2024,10:36
groovemaster,Hey Jude,Ed Sheeran,Future Nostalgia,8/17/2024,9:06
beatslover21,Shape of You,The Beatles,Dreamland,8/2/2024,9:12
groovemaster,Billie Jean,Dua Lipa,Goodbye & Good Riddance,5/12/2024,8:04
beatslover21,Bohemian Rhapsody,Kendrick Lamar,Goodbye & Good Riddance,8/28/2024,13:39
vibesonly22,Lucid Dreams,Harry Styles,Abbey Road,4/29/2024,15:54
melodymaker,Sunflower,Juice WRLD,Future Nostalgia,7/21/2024,6:15
groovemaster,Stay,M83,Red Pill Blues,6/14/2024,6:46
vibesonly22,Lovely,The 1975,? (Divide),8/3/2024,9:56
rhythmlove88,Blinding Lights,Harry Styles,Evolve,2/20/2024,4:32
vibesonly22,Lovely,M83,21,10/26/2024,7:14
beatslover21,good 4 u,M83,Unorthodox Jukebox,1/23/2024,4:54
vibesonly22,Circles,Maroon 5,? (Divide),10/13/2024,17:42
melodymaker,MONTERO,Kendrick Lamar,Evolve,5/16/2024,7:06
beatbuster,Take on Me,M83,Gold,8/6/2024,11:36
tunes_lover1,Hey Jude,Glass Animals,Hunting High and Low,5/23/2024,10:26
rhythmlove88,Circles,M83,WHEN WE ALL FALL ASLEEP,2/7/2024,9:18
beatbuster,good 4 u,Olivia Rodrigo,Evolve,1/13/2024,11:26
rhythmaddict,Closer,The Weeknd,21,10/24/2024,9:45
melodymaker,HUMBLE.,Bruno Mars,After Hours,9/25/2024,6:48
beatslover21,Hey Jude,Juice WRLD,After Hours,3/10/2024,4:02
groovemaster,Industry Baby,Juice WRLD,Goodbye & Good Riddance,8/24/2024,7:06
soundexplorer,drivers license,Olivia Rodrigo,21,7/3/2024,15:09
beatslover21,Shape of You,a-ha,Evolve,10/22/2024,7:14
beatslover21,Bad Guy,Ed Sheeran,Unorthodox Jukebox,6/5/2024,17:03
melodymaker,Peaches,Michael Jackson,Hunting High and Low,8/30/2024,13:06
rhythmaddict,Hey Jude,Bruno Mars,Gold,10/18/2024,7:51
melodymaker,Shape of You,Queen,Future Nostalgia,6/3/2024,8:36
groovemaster,Sunflower,Maroon 5,Gold,1/4/2024,5:22
rhythmaddict,Somebody Else,Maroon 5,Dreamland,6/13/2024,12:21
melodymaker,Billie Jean,Maroon 5,7 EP,10/29/2024,5:34
beatbuster,Imagine,ABBA,Abbey Road,4/13/2024,7:04
soundexplorer,Bohemian Rhapsody,Ed Sheeran,"Hurry Up, We're Dreaming",10/4/2024,8:21
musicfan92,Watermelon Sugar,Queen,Dreamland,1/3/2024,7:58
tunes_lover1,Rolling in the Deep,Imagine Dragons,Goodbye & Good Riddance,8/27/2024,17:15
rhythmlove88,Hey Jude,Billie Eilish,Astroworld,3/10/2024,11:54
vibesonly22,Bad Guy,Michael Jackson,Abbey Road,6/23/2024,10:24
melodymaker,Bohemian Rhapsody,Post Malone,? (Divide),1/16/2024,6:14
rhythmaddict,Dancing Queen,a-ha,Hunting High and Low,5/15/2024,7:00
musicfan92,Take on Me,Bruno Mars,Gold,3/7/2024,7:03
rhythmaddict,MONTERO,Billie Eilish,Hunting High and Low,1/23/2024,6:16
tunes_lover1,Sunflower,Imagine Dragons,A Night at the Opera,7/20/2024,5:50
beatbuster,Peaches,Glass Animals,Astroworld,7/9/2024,11:51
soundexplorer,Industry Baby,Maroon 5,Dreamland,7/14/2024,15:51
vibesonly22,Bohemian Rhapsody,Queen,21,8/18/2024,6:34
rhythmaddict,SICKO MODE,Olivia Rodrigo,Thriller,1/24/2024,10:30
groovemaster,Blinding Lights,Adele,DAMN.,4/7/2024,11:04
melodymaker,Bad Guy,Kendrick Lamar,WHEN WE ALL FALL ASLEEP,6/27/2024,13:24
rhythmaddict,Shape of You,Glass Animals,? (Divide),4/16/2024,13:36
tunes_lover1,drivers license,Kendrick Lamar,Fine Line,7/7/2024,15:51
beatbuster,Watermelon Sugar,The 1975,Goodbye & Good Riddance,4/8/2024,5:28
musicfan92,Bad Guy,Lil Nas X,Abbey Road,9/16/2024,8:36
musicfan92,Lovely,a-ha,Abbey Road,3/12/2024,8:14
musicfan92,Hey Jude,Glass Animals,Fine Line,7/30/2024,7:30
rhythmlove88,good 4 u,Adele,After Hours,1/27/2024,9:06
rhythmlove88,Sunflower,Bruno Mars,Gold,9/5/2024,10:44
groovemaster,Stay,Imagine Dragons,7 EP,4/13/2024,8:28
soundexplorer,Imagine,M83,Fine Line,4/27/2024,12:42
musicfan92,good 4 u,Adele,A Night at the Opera,5/30/2024,6:32
melodymaker,Peaches,Billie Eilish,WHEN WE ALL FALL ASLEEP,8/15/2024,10:09
tunes_lover1,Imagine,Maroon 5,Hollywood's Bleeding,1/19/2024,7:15
tunes_lover1,Lucid Dreams,Ed Sheeran,7 EP,3/13/2024,9:10
tunes_lover1,Old Town Road,Post Malone,After Hours,6/12/2024,11:10
beatslover21,Stay,The Weeknd,Dreamland,3/16/2024,16:48
rhythmlove88,Hey Jude,Dua Lipa,7 EP,2/20/2024,7:56
rhythmlove88,Lovely,Adele,Evolve,5/4/2024,14:03
tunes_lover1,Heat Waves,Ed Sheeran,Hollywood's Bleeding,5/18/2024,6:58
beatbuster,Heat Waves,Adele,"Hurry Up, We're Dreaming",6/2/2024,9:51
rhythmaddict,Blinding Lights,Olivia Rodrigo,I Like It When You Sleep,5/2/2024,10:24
beatslover21,Stay,M83,DAMN.,7/16/2024,16:39
musicfan92,Midnight City,The Weeknd,Future Nostalgia,2/8/2024,8:06
melodymaker,Lucid Dreams,a-ha,Future Nostalgia,9/21/2024,10:14
groovemaster,Stay,a-ha,After Hours,2/3/2024,11:10
vibesonly22,Dancing Queen,Queen,Future Nostalgia,3/10/2024,17:30
musicfan92,Stay,Juice WRLD,Goodbye & Good Riddance,6/29/2024,9:00
musicfan92,Midnight City,Olivia Rodrigo,Abbey Road,8/23/2024,5:14
rhythmlove88,Rolling in the Deep,a-ha,WHEN WE ALL FALL ASLEEP,3/20/2024,5:42
beatbuster,Stay,Travis Scott,? (Divide),5/12/2024,10:44
vibesonly22,Peaches,a-ha,SOUR,7/6/2024,6:36
rhythmlove88,MONTERO,Post Malone,21,10/23/2024,5:50
rhythmlove88,Lovely,Glass Animals,Unorthodox Jukebox,10/5/2024,5:24
musicfan92,Peaches,The 1975,Gold,9/25/2024,14:33
rhythmaddict,Uptown Funk,Adele,WHEN WE ALL FALL ASLEEP,9/1/2024,7:00
groovemaster,MONTERO,Lil Nas X,Fine Line,2/6/2024,6:09
groovemaster,Blinding Lights,Billie Eilish,Goodbye & Good Riddance,10/30/2024,4:48
tunes_lover1,Levitating,Juice WRLD,Hunting High and Low,2/14/2024,8:33
beatslover21,Take on Me,The Beatles,Abbey Road,10/8/2024,12:06
rhythmaddict,Heat Waves,Imagine Dragons,Unorthodox Jukebox,9/15/2024,4:20
beatslover21,Heat Waves,The Beatles,Goodbye & Good Riddance,8/12/2024,11:42
musicfan92,Closer,The Beatles,"Hurry Up, We're Dreaming",5/16/2024,4:38
beatbuster,Peaches,ABBA,WHEN WE ALL FALL ASLEEP,9/19/2024,8:26
beatslover21,Peaches,Ed Sheeran,Goodbye & Good Riddance,9/20/2024,14:48
musicfan92,Hey Jude,Billie Eilish,Evolve,6/5/2024,8:04
vibesonly22,Old Town Road,Juice WRLD,Hollywood's Bleeding,1/15/2024,6:54
tunes_lover1,Circles,Harry Styles,A Night at the Opera,5/3/2024,11:30
groovemaster,Lovely,Travis Scott,I Like It When You Sleep,4/21/2024,10:26
tunes_lover1,Levitating,Lil Nas X,Goodbye & Good Riddance,8/14/2024,4:52
tunes_lover1,Circles,The Weeknd,Goodbye & Good Riddance,1/30/2024,11:16
beatslover21,Midnight City,Travis Scott,Gold,1/29/2024,7:20
melodymaker,Lovely,Ed Sheeran,Red Pill Blues,11/5/2024,11:48
rhythmaddict,Peaches,Juice WRLD,Abbey Road,9/20/2024,15:24
beatbuster,Bad Guy,The Weeknd,Hollywood's Bleeding,8/20/2024,13:24
musicfan92,Rolling in the Deep,The Weeknd,Fine Line,8/17/2024,17:18
beatbuster,HUMBLE.,Michael Jackson,Astroworld,10/18/2024,10:22
beatbuster,Uptown Funk,Olivia Rodrigo,Dreamland,3/31/2024,7:30
rhythmlove88,Circles,Juice WRLD,I Like It When You Sleep,1/19/2024,11:50
beatbuster,Peaches,Kendrick Lamar,Gold,5/26/2024,9:57
rhythmlove88,Closer,ABBA,? (Divide),5/29/2024,10:44
musicfan92,HUMBLE.,Dua Lipa,SOUR,1/27/2024,6:30
tunes_lover1,Old Town Road,The Beatles,? (Divide),7/19/2024,9:56
melodymaker,Sunflower,Imagine Dragons,Gold,7/5/2024,6:34
beatslover21,Midnight City,Ed Sheeran,? (Divide),6/30/2024,4:30
beatbuster,Watermelon Sugar,a-ha,DAMN.,1/9/2024,16:24
soundexplorer,Rolling in the Deep,Glass Animals,DAMN.,8/2/2024,11:21
beatbuster,SICKO MODE,Ed Sheeran,? (Divide),7/13/2024,13:03
beatbuster,Blinding Lights,Ed Sheeran,After Hours,9/12/2024,7:56
